{
    "portfolios": [{
        "accountHolder": "Alex Katopodis",
        "accountNum": "123",
        "isIndividual": true,
        "portfolioValue": 3.98,
        "securities": [{
            "ticker": "FDRXX",
            "quantity": 1.0,
            "price": 1.99
        }]
    }, {
        "accountHolder": "Bob",
        "accountNum": "456",
        "isIndividual": true,
        "portfolioValue": 3.98,
        "securities": [{
            "ticker": "MSFT",
            "quantity": 3.0,
            "price": 100.0
        }, {
            "ticker": "AAPL",
            "quantity": 3.0,
            "price": 678.0
        }, {
            "ticker": "TSLA",
            "quantity": 30.0,
            "price": 67.0
        }]
    }, {
        "accountHolder": "Dchoi",
        "accountNum": "4569",
        "isIndividual": true,
        "portfolioValue": 3.98,
        "securities": [{
            "ticker": "AAPL",
            "quantity": 3.0,
            "price": 678.0
        }, {
            "ticker": "TSLA",
            "quantity": 30.0,
            "price": 67.0
        }]
    }, {
        "accountHolder": "Isecke",
        "accountNum": "453239",
        "isIndividual": true,
        "portfolioValue": 3.98,
        "securities": [{
            "ticker": "AAPL",
            "quantity": 3.20,
            "price": 6784.0
        }, {
            "ticker": "TSLA",
            "quantity": 303.0,
            "price": 672.03
        }]
    }, {
        "accountHolder": "Repass",
        "accountNum": "45322339",
        "isIndividual": true,
        "portfolioValue": 3.98,
        "securities": [{
            "ticker": "AAPL",
            "quantity": 3.20,
            "price": 6784.0
        }, {
            "ticker": "TSLA",
            "quantity": 303.0,
            "price": 672.03
        }]
    }]
}